{
    "name": "root",
    "gauges": {
        "Cat.Policy.Entropy.mean": {
            "value": 1.1314969062805176,
            "min": 1.1314969062805176,
            "max": 1.2222272157669067,
            "count": 86
        },
        "Cat.Policy.Entropy.sum": {
            "value": 226299.390625,
            "min": 226299.390625,
            "max": 244445.4375,
            "count": 86
        },
        "Cat.Step.mean": {
            "value": 30079231.0,
            "min": 12889231.0,
            "max": 30079231.0,
            "count": 1720
        },
        "Cat.Step.sum": {
            "value": 30079231.0,
            "min": 12889231.0,
            "max": 30079231.0,
            "count": 1720
        },
        "Cat.Policy.ExtrinsicValueEstimate.mean": {
            "value": 0.00029986072331666946,
            "min": -0.11204888671636581,
            "max": 0.0012337417574599385,
            "count": 1720
        },
        "Cat.Policy.ExtrinsicValueEstimate.sum": {
            "value": 0.0029986072331666946,
            "min": -1.1204888820648193,
            "max": 0.012337417341768742,
            "count": 1720
        },
        "Cat.IsTraining.mean": {
            "value": 0.0,
            "min": 0.0,
            "max": 1.0,
            "count": 1720
        },
        "Cat.IsTraining.sum": {
            "value": 0.0,
            "min": 0.0,
            "max": 1.0,
            "count": 1720
        },
        "Mouse.Policy.Entropy.mean": {
            "value": 1.4991761445999146,
            "min": 1.4991761445999146,
            "max": 1.499176263809204,
            "count": 150
        },
        "Mouse.Policy.Entropy.sum": {
            "value": 35080.72265625,
            "min": 35080.72265625,
            "max": 899505.6875,
            "count": 150
        },
        "Mouse.Step.mean": {
            "value": 90279643.0,
            "min": 38709769.0,
            "max": 90279643.0,
            "count": 5158
        },
        "Mouse.Step.sum": {
            "value": 90279643.0,
            "min": 38709769.0,
            "max": 90279643.0,
            "count": 5158
        },
        "Mouse.Policy.ExtrinsicValueEstimate.mean": {
            "value": -0.0003733513876795769,
            "min": -0.00925291609019041,
            "max": 0.0014047237345948815,
            "count": 5158
        },
        "Mouse.Policy.ExtrinsicValueEstimate.sum": {
            "value": -0.0037335138767957687,
            "min": -0.09252916276454926,
            "max": 0.014047237113118172,
            "count": 5158
        },
        "Mouse.IsTraining.mean": {
            "value": 0.0,
            "min": 0.0,
            "max": 0.0,
            "count": 5158
        },
        "Mouse.IsTraining.sum": {
            "value": 0.0,
            "min": 0.0,
            "max": 0.0,
            "count": 5158
        },
        "Mouse.Environment.EpisodeLength.mean": {
            "value": 85685.5,
            "min": 3807.0,
            "max": 85685.5,
            "count": 29
        },
        "Mouse.Environment.EpisodeLength.sum": {
            "value": 171371.0,
            "min": 3807.0,
            "max": 171371.0,
            "count": 29
        },
        "Mouse.Environment.CumulativeReward.mean": {
            "value": -10.0,
            "min": -10.0,
            "max": -10.0,
            "count": 29
        },
        "Mouse.Environment.CumulativeReward.sum": {
            "value": -20.0,
            "min": -20.0,
            "max": -10.0,
            "count": 29
        },
        "Mouse.Policy.ExtrinsicReward.mean": {
            "value": -10.0,
            "min": -10.0,
            "max": -10.0,
            "count": 29
        },
        "Mouse.Policy.ExtrinsicReward.sum": {
            "value": -20.0,
            "min": -20.0,
            "max": -10.0,
            "count": 29
        },
        "Cat.Losses.PolicyLoss.mean": {
            "value": 0.01254322556602461,
            "min": 0.011028019834204403,
            "max": 0.012698074001257251,
            "count": 14
        },
        "Cat.Losses.PolicyLoss.sum": {
            "value": 0.01254322556602461,
            "min": 0.011028019834204403,
            "max": 0.012698074001257251,
            "count": 14
        },
        "Cat.Losses.ValueLoss.mean": {
            "value": 1.2801630777887185e-09,
            "min": 1.2801630777887185e-09,
            "max": 0.00028693977227671024,
            "count": 14
        },
        "Cat.Losses.ValueLoss.sum": {
            "value": 1.2801630777887185e-09,
            "min": 1.2801630777887185e-09,
            "max": 0.00028693977227671024,
            "count": 14
        },
        "Cat.Policy.LearningRate.mean": {
            "value": 3.1177889607700065e-06,
            "min": 3.1177889607700065e-06,
            "max": 0.00015911773696077,
            "count": 14
        },
        "Cat.Policy.LearningRate.sum": {
            "value": 3.1177889607700065e-06,
            "min": 3.1177889607700065e-06,
            "max": 0.00015911773696077,
            "count": 14
        },
        "Cat.Policy.Epsilon.mean": {
            "value": 0.10103923000000004,
            "min": 0.10103923000000004,
            "max": 0.15303923000000003,
            "count": 14
        },
        "Cat.Policy.Epsilon.sum": {
            "value": 0.10103923000000004,
            "min": 0.10103923000000004,
            "max": 0.15303923000000003,
            "count": 14
        },
        "Cat.Policy.Beta.mean": {
            "value": 2.028837700000002e-05,
            "min": 2.028837700000002e-05,
            "max": 0.0005350883770000002,
            "count": 14
        },
        "Cat.Policy.Beta.sum": {
            "value": 2.028837700000002e-05,
            "min": 2.028837700000002e-05,
            "max": 0.0005350883770000002,
            "count": 14
        }
    },
    "metadata": {
        "timer_format_version": "0.1.0",
        "start_time_seconds": "1717401730",
        "python_version": "3.10.0 (tags/v3.10.0:b494f59, Oct  4 2021, 19:00:18) [MSC v.1929 64 bit (AMD64)]",
        "command_line_arguments": "D:\\Programmation\\Unity\\mlagents-sandbox\\mlagents-venv\\Scripts\\mlagents-learn config\\CatAndMouse.yaml --run-id CatAndMouseTest --resume",
        "mlagents_version": "0.30.0",
        "mlagents_envs_version": "0.30.0",
        "communication_protocol_version": "1.5.0",
        "pytorch_version": "2.3.0+cu121",
        "numpy_version": "1.21.2",
        "end_time_seconds": "1717428927"
    },
    "total": 27196.2920323,
    "count": 1,
    "self": 0.054252500005532056,
    "children": {
        "run_training.setup": {
            "total": 0.10916930000530556,
            "count": 1,
            "self": 0.10916930000530556
        },
        "TrainerController.start_learning": {
            "total": 27196.12861049999,
            "count": 1,
            "self": 1.756407500768546,
            "children": {
                "TrainerController._reset_env": {
                    "total": 9.461891199985985,
                    "count": 1,
                    "self": 9.461891199985985
                },
                "TrainerController.advance": {
                    "total": 27184.660582899232,
                    "count": 86021,
                    "self": 2.8479159996059025,
                    "children": {
                        "env_step": {
                            "total": 12319.754257698965,
                            "count": 86021,
                            "self": 11141.524973102554,
                            "children": {
                                "SubprocessEnvManager._take_step": {
                                    "total": 1176.936419198173,
                                    "count": 86021,
                                    "self": 43.34779650279961,