{
    "name": "root",
    "gauges": {
        "PelletGrabberCudaSupport.Policy.Entropy.mean": {
            "value": 1.3754345178604126,
            "min": 1.3754345178604126,
            "max": 1.4199588298797607,
            "count": 10
        },
        "PelletGrabberCudaSupport.Policy.Entropy.sum": {
            "value": 75703.9140625,
            "min": 56385.82421875,
            "max": 116323.03125,
            "count": 10
        },
        "PelletGrabberCudaSupport.Step.mean": {
            "value": 499958.0,
            "min": 49979.0,
            "max": 499958.0,
            "count": 10
        },
        "PelletGrabberCudaSupport.Step.sum": {
            "value": 499958.0,
            "min": 49979.0,
            "max": 499958.0,
            "count": 10
        },
        "PelletGrabberCudaSupport.Policy.ExtrinsicValueEstimate.mean": {
            "value": 10.250078201293945,
            "min": -6.099747180938721,
            "max": 10.250078201293945,
            "count": 10
        },
        "PelletGrabberCudaSupport.Policy.ExtrinsicValueEstimate.sum": {
            "value": 10803.58203125,
            "min": -4879.7978515625,
            "max": 10803.58203125,
            "count": 10
        },
        "PelletGrabberCudaSupport.Losses.PolicyLoss.mean": {
            "value": 0.025323263183588896,
            "min": 0.022290755292529163,
            "max": 0.027695395656337496,
            "count": 10
        },
        "PelletGrabberCudaSupport.Losses.PolicyLoss.sum": {
            "value": 0.12661631591794448,
            "min": 0.02281589189957837,
            "max": 0.12661631591794448,
            "count": 10
        },
        "PelletGrabberCudaSupport.Losses.ValueLoss.mean": {
            "value": 54.37092105706533,
            "min": 3.973266283671061,
            "max": 54.37092105706533,
            "count": 10
        },
        "PelletGrabberCudaSupport.Losses.ValueLoss.sum": {
            "value": 271.85460528532667,
            "min": 3.973266283671061,
            "max": 271.85460528532667,
            "count": 10
        },
        "PelletGrabberCudaSupport.Policy.LearningRate.mean": {
            "value": 1.3575935474720007e-05,
            "min": 1.3575935474720007e-05,
            "max": 0.00027542400819199995,
            "count": 10
        },
        "PelletGrabberCudaSupport.Policy.LearningRate.sum": {
            "value": 6.787967737360003e-05,
            "min": 6.787967737360003e-05,
            "max": 0.0004931322356225998,
            "count": 10
        },
        "PelletGrabberCudaSupport.Policy.Epsilon.mean": {
            "value": 0.10452527999999998,
            "min": 0.10452527999999998,
            "max": 0.191808,
            "count": 10
        },
        "PelletGrabberCudaSupport.Policy.Epsilon.sum": {
            "value": 0.5226263999999999,
            "min": 0.15359640000000005,
            "max": 0.5226263999999999,
            "count": 10
        },
        "PelletGrabberCudaSupport.Policy.Beta.mean": {
            "value": 0.00023581147200000017,
            "min": 0.00023581147200000017,
            "max": 0.004591219199999998,
            "count": 10
        },
        "PelletGrabberCudaSupport.Policy.Beta.sum": {
            "value": 0.0011790573600000008,
            "min": 0.0011790573600000008,
            "max": 0.008222432259999999,
            "count": 10
        },
        "PelletGrabberCudaSupport.Environment.EpisodeLength.mean": {
            "value": 130.85651214128035,
            "min": 104.83333333333333,
            "max": 149.79055118110236,
            "count": 10
        },
        "PelletGrabberCudaSupport.Environment.EpisodeLength.sum": {
            "value": 59278.0,
            "min": 629.0,
            "max": 95117.0,
            "count": 10
        },
        "PelletGrabberCudaSupport.Environment.CumulativeReward.mean": {
            "value": 39.28256070640177,
            "min": -5.377952755905512,
            "max": 46.2,
            "count": 10
        },
        "PelletGrabberCudaSupport.Environment.CumulativeReward.sum": {
            "value": 17795.0,
            "min": -3415.0,
            "max": 17795.0,
            "count": 10
        },
        "PelletGrabberCudaSupport.Policy.ExtrinsicReward.mean": {
            "value": 39.28256070640177,
            "min": -5.377952755905512,
            "max": 46.2,
            "count": 10
        },
        "PelletGrabberCudaSupport.Policy.ExtrinsicReward.sum": {
            "value": 17795.0,
            "min": -3415.0,
            "max": 17795.0,
            "count": 10
        },
        "PelletGrabberCudaSupport.IsTraining.mean": {
            "value": 1.0,
            "min": 1.0,
            "max": 1.0,
            "count": 10
        },
        "PelletGrabberCudaSupport.IsTraining.sum": {
            "value": 1.0,
            "min": 1.0,
            "max": 1.0,
            "count": 10
        }
    },
    "metadata": {
        "timer_format_version": "0.1.0",
        "start_time_seconds": "1714428405",
        "python_version": "3.10.0 (tags/v3.10.0:b494f59, Oct  4 2021, 19:00:18) [MSC v.1929 64 bit (AMD64)]",
        "command_line_arguments": "D:\\Programmation\\Unity\\mlagents-sandbox\\mlagents-venv\\Scripts\\mlagents-learn --run-id TestCudaSupport",
        "mlagents_version": "0.30.0",
        "mlagents_envs_version": "0.30.0",
        "communication_protocol_version": "1.5.0",
        "pytorch_version": "2.3.0+cu121",
        "numpy_version": "1.21.2",
        "end_time_seconds": "1714428628"
    },
    "total": 222.506091999996,
    "count": 1,
    "self": 0.00810900004580617,
    "children": {
        "run_training.setup": {
            "total": 0.011801799992099404,
            "count": 1,
            "self": 0.011801799992099404
        },
        "TrainerController.start_learning": {
            "total": 222.48618119995808,
            "count": 1,
            "self": 0.02788000024156645,
            "children": {
                "TrainerController._reset_env": {
                    "total": 7.5337819000124,
                    "count": 1,
                    "self": 7.5337819000124
                },
                "TrainerController.advance": {
                    "total": 214.86568629968679,
                    "count": 1409,
                    "self": 0.031126498943194747,
                    "children": {
                        "env_step": {
                            "total": 93.5058300003293,
                            "count": 1409,
                            "self": 90.15542960073799,
                            "children": {
                                "SubprocessEnvManager._take_step": {
                                    "total": 3.334534699039068,
                                    "count": 1409,
                                    "self": 0.2272510987240821,
                                    "children": {
                                        "TorchPolicy.evaluate": {
                                            "total": 3.107283600314986,
                                            "count": 815,
                                            "self": 3.107283600314986
                                        }
                                    }
                                },
                                "workers": {
                                    "total": 0.015865700552240014,
                                    "count": 1409,
                                    "self": 0.0,
                                    "children": {
                                        "worker_root": {
                                            "total": 215.12235060031526,
                                            "count": 1409,
                                            "is_parallel": true,
                                            "self": 138.71432290005032,