{
    "name": "root",
    "gauges": {
        "Mouse.Policy.Entropy.mean": {
            "value": 1.2038257122039795,
            "min": 1.2038257122039795,
            "max": 1.419847011566162,
            "count": 168
        },
        "Mouse.Policy.Entropy.sum": {
            "value": 36837.06640625,
            "min": 16381.8515625,
            "max": 121503.6015625,
            "count": 168
        },
        "Mouse.Environment.EpisodeLength.mean": {
            "value": 66.44018058690745,
            "min": 4.419308096359355,
            "max": 728.5172413793103,
            "count": 168
        },
        "Mouse.Environment.EpisodeLength.sum": {
            "value": 29433.0,
            "min": 5212.0,
            "max": 49777.0,
            "count": 168
        },
        "Mouse.Step.mean": {
            "value": 5039995.0,
            "min": 29747.0,
            "max": 5039995.0,
            "count": 168
        },
        "Mouse.Step.sum": {
            "value": 5039995.0,
            "min": 29747.0,
            "max": 5039995.0,
            "count": 168
        },
        "Mouse.Policy.ExtrinsicValueEstimate.mean": {
            "value": 29.88716697692871,
            "min": -10.542106628417969,
            "max": 39.076717376708984,
            "count": 168
        },
        "Mouse.Policy.ExtrinsicValueEstimate.sum": {
            "value": 13269.90234375,
            "min": -55958.578125,
            "max": 17037.44921875,
            "count": 168
        },
        "Mouse.Environment.CumulativeReward.mean": {
            "value": 44.054054054054056,
            "min": -20.58823529411765,
            "max": 56.9954128440367,
            "count": 168
        },
        "Mouse.Environment.CumulativeReward.sum": {
            "value": 19560.0,
            "min": -58180.0,
            "max": 24850.0,
            "count": 168
        },
        "Mouse.Policy.ExtrinsicReward.mean": {
            "value": 44.054054054054056,
            "min": -20.58823529411765,
            "max": 56.9954128440367,
            "count": 168
        },
        "Mouse.Policy.ExtrinsicReward.sum": {
            "value": 19560.0,
            "min": -58180.0,
            "max": 24850.0,
            "count": 168
        },
        "Mouse.Losses.PolicyLoss.mean": {
            "value": 0.014571290729024137,
            "min": 0.009890300541883335,
            "max": 0.02131601721436406,
            "count": 167
        },
        "Mouse.Losses.PolicyLoss.sum": {
            "value": 0.014571290729024137,
            "min": 0.009890300541883335,
            "max": 0.041254937156918456,
            "count": 167
        },
        "Mouse.Losses.ValueLoss.mean": {
            "value": 57.11717618306478,
            "min": 0.48617559323708215,
            "max": 65.12188924153646,
            "count": 167
        },
        "Mouse.Losses.ValueLoss.sum": {
            "value": 57.11717618306478,
            "min": 0.48617559323708215,
            "max": 126.03921368916829,
            "count": 167
        },
        "Mouse.Policy.LearningRate.mean": {
            "value": 5.894798035399949e-07,
            "min": 5.894798035399949e-07,
            "max": 0.0002987679004106999,
            "count": 167
        },
        "Mouse.Policy.LearningRate.sum": {
            "value": 5.894798035399949e-07,
            "min": 5.894798035399949e-07,
            "max": 0.0005910865829711399,
            "count": 167
        },
        "Mouse.Policy.Epsilon.mean": {
            "value": 0.10019645999999997,
            "min": 0.10019645999999997,
            "max": 0.1995893000000001,
            "count": 167
        },
        "Mouse.Policy.Epsilon.sum": {
            "value": 0.10019645999999997,
            "min": 0.10019645999999997,
            "max": 0.39702885999999993,
            "count": 167
        },
        "Mouse.Policy.Beta.mean": {
            "value": 1.980335399999991e-05,
            "min": 1.980335399999991e-05,
            "max": 0.0049795060700000005,
            "count": 167
        },
        "Mouse.Policy.Beta.sum": {
            "value": 1.980335399999991e-05,
            "min": 1.980335399999991e-05,
            "max": 0.009851740113999998,
            "count": 167
        },
        "Mouse.IsTraining.mean": {
            "value": 0.0,
            "min": 0.0,
            "max": 1.0,
            "count": 168
        },
        "Mouse.IsTraining.sum": {
            "value": 0.0,
            "min": 0.0,
            "max": 1.0,
            "count": 168
        },
        "Cat.Policy.Entropy.mean": {
            "value": 1.4514610767364502,
            "min": 1.3988349437713623,
            "max": 1.4821877479553223,
            "count": 166
        },
        "Cat.Policy.Entropy.sum": {
            "value": 42672.95703125,
            "min": 21115.568359375,
            "max": 128016.8203125,
            "count": 166
        },
        "Cat.Environment.EpisodeLength.mean": {
            "value": 705.6315789473684,
            "min": 34.61702127659574,
            "max": 2336.5,
            "count": 166
        },
        "Cat.Environment.EpisodeLength.sum": {
            "value": 26814.0,
            "min": 1360.0,
            "max": 76147.0,
            "count": 166
        },
        "Cat.Step.mean": {
            "value": 4979930.0,
            "min": 29681.0,
            "max": 4979930.0,
            "count": 166
        },
        "Cat.Step.sum": {
            "value": 4979930.0,
            "min": 29681.0,
            "max": 4979930.0,
            "count": 166
        },
        "Cat.Policy.ExtrinsicValueEstimate.mean": {
            "value": 2.431234121322632,
            "min": -2.933871269226074,
            "max": 15.45522403717041,
            "count": 166
        },
        "Cat.Policy.ExtrinsicValueEstimate.sum": {
            "value": 128.85540771484375,
            "min": -252.31292724609375,
            "max": 8701.291015625,
            "count": 166
        },
        "Cat.Environment.CumulativeReward.mean": {
            "value": 18.37837837837838,
            "min": -10.0,
            "max": 20.0,
            "count": 166
        },
        "Cat.Environment.CumulativeReward.sum": {
            "value": 680.0,
            "min": -8450.0,
            "max": 11210.0,
            "count": 166
        },
        "Cat.Policy.ExtrinsicReward.mean": {
            "value": 18.37837837837838,
            "min": -10.0,
            "max": 20.0,
            "count": 166
        },
        "Cat.Policy.ExtrinsicReward.sum": {
            "value": 680.0,
            "min": -8450.0,
            "max": 11210.0,
            "count": 166
        },
        "Cat.Losses.PolicyLoss.mean": {
            "value": 0.015600127206016622,
            "min": 0.010493875395817061,
            "max": 0.023889115827235703,
            "count": 166
        },
        "Cat.Losses.PolicyLoss.sum": {
            "value": 0.031200254412033245,
            "min": 0.010493875395817061,
            "max": 0.042186486839394396,
            "count": 166
        },
        "Cat.Losses.ValueLoss.mean": {
            "value": 3.672584354877472,
            "min": 0.26279419139027593,
            "max": 16.547233899434406,
            "count": 166
        },
        "Cat.Losses.ValueLoss.sum": {
            "value": 7.345168709754944,
            "min": 0.27435456787546475,
            "max": 16.547233899434406,
            "count": 166
        },
        "Cat.Policy.LearningRate.mean": {
            "value": 2.2872692376100045e-06,
            "min": 2.2872692376100045e-06,
            "max": 0.00029876868041043994,
            "count": 166
        },
        "Cat.Policy.LearningRate.sum": {
            "value": 4.574538475220009e-06,
            "min": 4.148018617360004e-06,
            "max": 0.00058780548406484,
            "count": 166
        },
        "Cat.Policy.Epsilon.mean": {
            "value": 0.10076238999999998,
            "min": 0.10076238999999998,