{
    "name": "root",
    "gauges": {
        "Mouse.Policy.Entropy.mean": {
            "value": 0.9691378474235535,
            "min": 0.9687768220901489,
            "max": 1.0679157972335815,
            "count": 247
        },
        "Mouse.Policy.Entropy.sum": {
            "value": 31593.89453125,
            "min": 18581.734375,
            "max": 39641.3046875,
            "count": 247
        },
        "Mouse.Environment.EpisodeLength.mean": {
            "value": 54.14233576642336,
            "min": 35.41968911917098,
            "max": 549.1437125748503,
            "count": 247
        },
        "Mouse.Environment.EpisodeLength.sum": {
            "value": 14835.0,
            "min": 6836.0,
            "max": 91707.0,
            "count": 247
        },
        "Mouse.Step.mean": {
            "value": 10049273.0,
            "min": 2669957.0,
            "max": 10049273.0,
            "count": 247
        },
        "Mouse.Step.sum": {
            "value": 10049273.0,
            "min": 2669957.0,
            "max": 10049273.0,
            "count": 247
        },
        "Mouse.Policy.ExtrinsicValueEstimate.mean": {
            "value": 5.094484329223633,
            "min": 2.004340887069702,
            "max": 13.064216613769531,
            "count": 247
        },
        "Mouse.Policy.ExtrinsicValueEstimate.sum": {
            "value": 1482.494873046875,
            "min": 581.192138671875,
            "max": 5447.7783203125,
            "count": 247
        },
        "Mouse.Environment.CumulativeReward.mean": {
            "value": 3.709090909090909,
            "min": 2.3051948051948052,
            "max": 25.279503105590063,
            "count": 247
        },
        "Mouse.Environment.CumulativeReward.sum": {
            "value": 1020.0,
            "min": 710.0,
            "max": 8480.0,
            "count": 247
        },
        "Mouse.Policy.ExtrinsicReward.mean": {
            "value": 3.709090909090909,
            "min": 2.3051948051948052,
            "max": 25.279503105590063,
            "count": 247
        },
        "Mouse.Policy.ExtrinsicReward.sum": {
            "value": 1020.0,
            "min": 710.0,
            "max": 8480.0,
            "count": 247
        },
        "Mouse.IsTraining.mean": {
            "value": 0.0,
            "min": 0.0,
            "max": 1.0,
            "count": 247
        },
        "Mouse.IsTraining.sum": {
            "value": 0.0,
            "min": 0.0,
            "max": 1.0,
            "count": 247
        },
        "Mouse.Losses.PolicyLoss.mean": {
            "value": 0.019853020436130464,
            "min": 0.011211706781856871,
            "max": 0.021146146354173348,
            "count": 244
        },
        "Mouse.Losses.PolicyLoss.sum": {
            "value": 0.03970604087226093,
            "min": 0.011211706781856871,
            "max": 0.042292292708346696,
            "count": 244
        },
        "Mouse.Losses.ValueLoss.mean": {
            "value": 42.10633513132731,
            "min": 28.154303614298502,
            "max": 125.91037546793619,
            "count": 244
        },
        "Mouse.Losses.ValueLoss.sum": {
            "value": 84.21267026265463,
            "min": 28.154303614298502,
            "max": 216.62832743326823,
            "count": 244
        },
        "Mouse.Policy.LearningRate.mean": {
            "value": 6.172897942700117e-07,
            "min": 6.172897942700117e-07,
            "max": 0.0002194913368362301,
            "count": 244
        },
        "Mouse.Policy.LearningRate.sum": {
            "value": 1.2345795885400234e-06,
            "min": 1.2345795885400234e-06,
            "max": 0.0004371286142904801,
            "count": 244
        },
        "Mouse.Policy.Epsilon.mean": {
            "value": 0.10020573000000002,
            "min": 0.10020573000000002,
            "max": 0.17316377000000008,
            "count": 244
        },
        "Mouse.Policy.Epsilon.sum": {
            "value": 0.20041146000000004,
            "min": 0.10051559000000003,
            "max": 0.34570952,
            "count": 244
        },
        "Mouse.Policy.Beta.mean": {
            "value": 2.0265927000000202e-05,
            "min": 2.0265927000000202e-05,
            "max": 0.0036608721229999994,
            "count": 244
        },
        "Mouse.Policy.Beta.sum": {
            "value": 4.0531854000000405e-05,
            "min": 3.572794099999995e-05,
            "max": 0.007290905047999998,
            "count": 244
        },
        "Cat.Policy.Entropy.mean": {
            "value": 1.5368742942810059,
            "min": 1.521276831626892,
            "max": 1.5402495861053467,
            "count": 246
        },
        "Cat.Policy.Entropy.sum": {
            "value": 35655.484375,
            "min": 26535.015625,
            "max": 93777.4765625,
            "count": 246
        },
        "Cat.Environment.EpisodeLength.mean": {
            "value": 141.76119402985074,
            "min": 128.58666666666667,
            "max": 2414.6,
            "count": 246
        },
        "Cat.Environment.EpisodeLength.sum": {
            "value": 9498.0,
            "min": 6633.0,
            "max": 132803.0,
            "count": 246
        },
        "Cat.Step.mean": {
            "value": 9989934.0,
            "min": 2639702.0,
            "max": 9989934.0,
            "count": 246
        },
        "Cat.Step.sum": {
            "value": 9989934.0,
            "min": 2639702.0,
            "max": 9989934.0,
            "count": 246
        },
        "Cat.Policy.ExtrinsicValueEstimate.mean": {
            "value": 3.6126129627227783,
            "min": 0.09189770370721817,
            "max": 5.56968879699707,
            "count": 246
        },
        "Cat.Policy.ExtrinsicValueEstimate.sum": {
            "value": 314.2973327636719,
            "min": 6.432839393615723,
            "max": 690.6414184570312,
            "count": 246
        },
        "Cat.Environment.CumulativeReward.mean": {
            "value": 18.636363636363637,
            "min": 6.111111111111111,
            "max": 18.695652173913043,
            "count": 246
        },
        "Cat.Environment.CumulativeReward.sum": {
            "value": 1230.0,
            "min": 210.0,
            "max": 2260.0,
            "count": 246
        },
        "Cat.Policy.ExtrinsicReward.mean": {
            "value": 18.636363636363637,
            "min": 6.111111111111111,
            "max": 18.695652173913043,
            "count": 246
        },
        "Cat.Policy.ExtrinsicReward.sum": {
            "value": 1230.0,
            "min": 210.0,
            "max": 2260.0,
            "count": 246
        },
        "Cat.IsTraining.mean": {
            "value": 1.0,
            "min": 1.0,
            "max": 1.0,
            "count": 246
        },
        "Cat.IsTraining.sum": {
            "value": 1.0,
            "min": 1.0,
            "max": 1.0,
            "count": 246
        },
        "Cat.Losses.PolicyLoss.mean": {
            "value": 0.018360065357713513,
            "min": 0.0111170747501698,
            "max": 0.025971532698410252,
            "count": 245
        },
        "Cat.Losses.PolicyLoss.sum": {
            "value": 0.03672013071542703,
            "min": 0.0111170747501698,
            "max": 0.0413857051700082,
            "count": 245
        },
        "Cat.Losses.ValueLoss.mean": {
            "value": 4.3975710352261865,
            "min": 1.3686757246653238,
            "max": 9.601035380363465,
            "count": 245
        },
        "Cat.Losses.ValueLoss.sum": {
            "value": 8.795142070452373,
            "min": 1.3686757246653238,
            "max": 19.20207076072693,
            "count": 245
        },
        "Cat.Policy.LearningRate.mean": {
            "value": 6.195547935149855e-07,
            "min": 6.195547935149855e-07,
            "max": 0.00022045331651557,
            "count": 245
        },