{"count":1,"self":104.68848,"total":104.8734703,"children":{"InitializeActuators":{"count":1,"self":0.0015421999999999999,"total":0.0015421999999999999,"children":null},"InitializeSensors":{"count":1,"self":0.0010218,"total":0.0010218,"children":null},"AgentSendState":{"count":4994,"self":0.027891899999999997,"total":0.0448439,"children":{"CollectObservations":{"count":999,"self":0.0082361999999999991,"total":0.0082361999999999991,"children":null},"WriteActionMask":{"count":999,"self":0.0039961,"total":0.0039961,"children":null},"RequestDecision":{"count":999,"self":0.0047196999999999994,"total":0.0047196999999999994,"children":null}}},"DecideAction":{"count":4994,"self":0.018906299999999997,"total":0.018906299999999997,"children":null},"AgentAct":{"count":4994,"self":0.11867799999999999,"total":0.11867799999999999,"children":null}},"gauges":{"AutoParkCar.CumulativeReward":{"count":624,"max":50,"min":-55,"runningAverage":-28.15705,"value":-50,"weightedAverage":-49.9999924}},"metadata":{"timer_format_version":"0.1.0","start_time_seconds":"1715519493","unity_version":"2022.3.23f1","command_line_arguments":"C:\\Program Files\\Unity\\Hub\\Editor\\2022.3.23f1\\Editor\\Unity.exe -projectpath D:\\Programmation\\Unity\\mlagents-sandbox -useHub -hubIPC -cloudEnvironment production -licensingIpc LicenseClient-brian -hubSessionId 75ada23b-bb7c-41e1-86b0-172d7dee8874 -accessToken jONVgnIjp0Qkc1U09NCOtM4saKyttNxy-inSaoTM5yI008f","communication_protocol_version":"1.5.0","com.unity.ml-agents_version":"2.0.1","scene_name":"TrainingField","end_time_seconds":"1715519598"}}