{"count":1,"self":10621.739007999999,"total":51722.499461299994,"children":{"InitializeActuators":{"count":240,"self":0.0051386,"total":0.0051386,"children":null},"InitializeSensors":{"count":240,"self":0.0085449999999999988,"total":0.0085449999999999988,"children":null},"AgentSendState":{"count":615001,"self":4938.2129663999995,"total":6691.9083491,"children":{"CollectObservations":{"count":29520240,"self":273.033984,"total":273.03399229999997,"children":null},"WriteActionMask":{"count":29520240,"self":40.2834176,"total":40.2834189,"children":null},"RequestDecision":{"count":29520240,"self":158.0486144,"total":1440.3779755,"children":{"AgentInfo.ToProto":{"count":29520240,"self":110.36762879999999,"total":1282.3293552999999,"children":{"GenerateSensorData":{"count":29520240,"self":865.0617856,"total":1171.9617291,"children":{"RayPerceptionSensor.Perceive":{"count":118080960,"self":306.89999359999996,"total":306.8999929,"children":null}}}}}}}}},"DecideAction":{"count":615001,"self":31174.1841408,"total":31174.1850113,"children":null},"AgentAct":{"count":615001,"self":3234.6417152,"total":3234.6416999999997,"children":null},"AgentInfo.ToProto":{"count":44,"self":0.0015068,"total":0.0085121,"children":{"GenerateSensorData":{"count":44,"self":0.0060073999999999995,"total":0.0070053,"children":{"RayPerceptionSensor.Perceive":{"count":176,"self":0.0009979,"total":0.0009979,"children":null}}}}}},"gauges":{"AutoParkCar.CumulativeReward":{"count":44,"max":-5,"min":-5,"runningAverage":-5,"value":-5,"weightedAverage":-5}},"metadata":{"timer_format_version":"0.1.0","start_time_seconds":"1716483742","unity_version":"2022.3.23f1","command_line_arguments":"C:\\Program Files\\Unity\\Hub\\Editor\\2022.3.23f1\\Editor\\Unity.exe -projectpath D:\\Programmation\\Unity\\mlagents-sandbox -useHub -hubIPC -cloudEnvironment production -licensingIpc LicenseClient-brian -hubSessionId b7c0031c-0e9b-46ec-aad8-f671dede2ac8 -accessToken Ew8brdP_dlovDNRmILi0MkgJLc7CoyS4GURVMWgyKqQ008f","communication_protocol_version":"1.5.0","com.unity.ml-agents_version":"2.0.1","scene_name":"TrainingField","end_time_seconds":"1716535464"}}