{"count":1,"self":458.5911296,"total":10779.43576,"children":{"InitializeActuators":{"count":400,"self":0.0025084,"total":0.0025084,"children":null},"InitializeSensors":{"count":400,"self":0.0076634999999999993,"total":0.0076634999999999993,"children":null},"AgentSendState":{"count":252451,"self":1380.6555136,"total":1646.5282920999998,"children":{"CollectObservations":{"count":20196400,"self":25.5094384,"total":25.5094378,"children":null},"WriteActionMask":{"count":20196400,"self":11.8978808,"total":11.8978805,"children":null},"RequestDecision":{"count":20196400,"self":35.8655712,"total":228.4654773,"children":{"AgentInfo.ToProto":{"count":20196400,"self":30.783267199999997,"total":192.5999048,"children":{"GenerateSensorData":{"count":20196400,"self":115.74101759999999,"total":161.81663799999998,"children":{"RayPerceptionSensor.Perceive":{"count":20196400,"self":46.0756192,"total":46.0756206,"children":null}}}}}}}}},"DecideAction":{"count":252451,"self":8432.2082816,"total":8432.2078822,"children":null},"AgentAct":{"count":252451,"self":242.0552448,"total":242.05524359999998,"children":null},"AgentInfo.ToProto":{"count":1273,"self":0.015932099999999998,"total":0.0420183,"children":{"GenerateSensorData":{"count":1273,"self":0.017134299999999998,"total":0.0260862,"children":{"RayPerceptionSensor.Perceive":{"count":1273,"self":0.0089518999999999987,"total":0.0089518999999999987,"children":null}}}}}},"gauges":{"Mouse.CumulativeReward":{"count":1037,"max":-10,"min":-20,"runningAverage":-10.0385733,"value":-10,"weightedAverage":-10.1407852},"Cat.CumulativeReward":{"count":236,"max":20,"min":-10,"runningAverage":-9.491524,"value":-10,"weightedAverage":-8.621871}},"metadata":{"timer_format_version":"0.1.0","start_time_seconds":"1717497940","unity_version":"2022.3.23f1","command_line_arguments":"C:\\Program Files\\Unity\\Hub\\Editor\\2022.3.23f1\\Editor\\Unity.exe -projectpath D:\\Programmation\\Unity\\mlagents-sandbox -useHub -hubIPC -cloudEnvironment production -licensingIpc LicenseClient-brian -hubSessionId 76b2edc8-ff39-43ec-b174-ea9d556f3777 -accessToken dE5zGv3V69rnzCIxvHzatp9GHR_-JJ8zSHyeM_aIO_I008f","communication_protocol_version":"1.5.0","com.unity.ml-agents_version":"2.0.1","scene_name":"TrainingField","end_time_seconds":"1717508719"}}